{
  "avg_return": 3.629781246765051,
  "std_return": 1.184826180593077,
  "se_return": 0.11848261805930771,
  "score": 0.9487433550590105,
  "collision_rate": 0.07869998651760744,
  "offroad_rate": 0.03238020599935817,
  "completion_rate": 0.9487433550590105,
  "dnf_rate": 0.011114805726955192,
  "avg_collisions_per_agent": 0.0,
  "avg_offroad_per_agent": 0.0,
  "ada_delta_completion_rate": -4.091463532568512,
  "ada_delta_score": -4.091463532568512,
  "ada_delta_perf": -4.091463532568512,
  "ada_delta_collision_rate": 36.85560602337463,
  "ada_delta_offroad_rate": 99.54894269437075,
  "ada_delta_num_goals_reached": 0.0,
  "ada_delta_dnf_rate": 131.7077816705729,
  "ada_delta_lane_alignment_rate": -1.440765157377683,
  "ada_delta_avg_displacement_error": 0.0,
  "ada_delta_episode_return": -6.362213962262825,
  "first_scenario_score": 0.970434659671876,
  "first_scenario_collision_rate": 0.06548815895328688,
  "first_scenario_offroad_rate": 0.020984402195626695,
  "first_scenario_episode_return": 0.9570939948631125,
  "last_scenario_score": 0.9307296794639959,
  "last_scenario_collision_rate": 0.08962421680907164,
  "last_scenario_offroad_rate": 0.04187415271210739,
  "last_scenario_episode_return": 0.8962016270899525
}